﻿{"cameraMode":{"drawMode":0,"name":"Shaded","section":"Shading Mode"},"sceneLighting":false,"audioPlay":false,"sceneViewState":{"showFog":true,"showMaterialUpdate":false,"showSkybox":false,"showFlares":true,"showImageEffects":true,"showParticleSystems":true},"in2DMode":false,"pivot":{"x":-2.3752756118774416,"y":5.757142066955566,"z":-17.275711059570314},"rotation":{"x":0.33565613627433779,"y":0.0070608239620924,"z":-0.002515785163268447,"w":0.9419547915458679},"size":4.286825656890869,"orthographic":false}