﻿{"cameraMode":{"drawMode":0,"name":"Shaded","section":"Shading Mode"},"sceneLighting":false,"audioPlay":false,"sceneViewState":{"showFog":true,"showMaterialUpdate":false,"showSkybox":false,"showFlares":true,"showImageEffects":true,"showParticleSystems":true},"in2DMode":false,"pivot":{"x":-2.3752756118774416,"y":5.757142066955566,"z":-17.275711059570314},"rotation":{"x":0.12183008342981339,"y":0.13651365041732789,"z":-0.01691928505897522,"w":0.9829726219177246},"size":2.8578836917877199,"orthographic":false}